"pid","woman","man","black","white","hispanic","asian","older","high_ed","high_income"
"614254",1,0,0,1,0,0,0,0,0
"5e5ab88a43f33029b119a48c",1,0,0,1,0,0,1,1,0
"6108767c9bec77d0e42e3c44",1,0,0,0,1,0,0,1,1
"5f3d6975ef131710ed519c7a",0,1,0,1,0,0,0,0,0
"6111ad0842f24784fc58b1dc",1,0,0,1,0,0,0,0,1
"60fec21e36a05990cfa8a715",1,0,0,1,0,0,0,0,0
"5a8cb6aaaa46dd00016be788",0,1,0,1,1,0,0,1,0
"5969496f06679c00014b818e",0,1,0,1,0,0,1,0,0
"61708ee3b2310aed09670031",1,0,0,1,0,0,1,0,1
"614f4b52dd9b35160ab95af5",0,1,0,1,0,0,0,1,1
"5bdfa18a90edd30001c90bc8",1,0,0,1,0,0,1,1,1
"5fd63cb585f88c4eb1933661",1,0,1,0,0,0,1,0,0
"5ae5b7e26735bd0001d7dfe3",0,1,0,0,1,0,0,1,1
"5ed5eb6e89c9b81780219ab6",0,1,0,0,0,1,0,1,0
"606147",1,0,1,0,0,0,0,0,1
"61035f1b5f1ff6ea263f7270",1,0,0,0,0,1,0,0,1
"60a48adfe091e410f4eaba34",0,1,0,1,0,0,0,0,0
"60fee23ceeaadd40cd6b36c0",1,0,1,0,0,0,0,0,0
"464573",1,0,0,1,0,0,1,1,0
"636433",1,0,0,1,0,0,1,0,0
"611d8aa6ab57a5ddf8025b8e",1,0,0,1,0,0,0,0,1
"5c315f577626080001a88cb2",0,1,0,0,1,0,0,0,1
"6130e3db169db34eb3cde8cc",0,1,0,1,0,0,1,1,0
"612e7ef85edba8d26ef96c99",1,0,0,1,0,0,0,1,1
"5c61ab19776b38000156cc95",1,0,0,1,0,0,1,1,0
"606e4eb2a56685e5593304cd",0,1,0,1,0,0,1,1,1
"6113f2f052d844ee0a4bfe61",1,0,0,1,0,0,0,0,0
"480847",0,1,0,0,1,0,0,0,0
"391258",1,0,0,1,1,0,0,0,0
"439460",1,0,0,1,0,0,0,1,0
"441420",1,0,0,1,0,0,1,1,0
"5f786ddd6f28d63e71e631b6",0,1,0,1,0,0,0,0,0
"5f19f2fc1af38d0bd7d29b13",1,0,1,0,0,0,0,1,0
"638292",1,0,0,0,0,1,0,1,1
"60a69e84d2f871b61d608e89",0,1,0,1,0,0,0,1,1
"5f3e5e066dfaa70464615447",1,0,1,0,0,0,1,1,1
"60e3dea3ffbd0e2a90942794",1,0,0,1,0,0,0,0,1
"605504fc7a5a699c16ae8b4d",1,0,0,0,1,0,0,1,0
"5db1142453bf830017fc744c",0,1,0,0,1,0,0,1,0
"61648bb6ad1eceeee2c056ee",0,1,0,0,0,1,0,1,0
"6108649840bf2b927ef3905c",0,1,0,0,0,1,0,1,1
"60ee4077cdf4f24a1c607783",1,0,1,0,0,0,1,1,0
"5c8be0dd542fbd0016924f5f",0,1,0,1,0,0,0,1,0
"5e861812b23b0a22ef59c4ee",1,0,0,0,1,0,0,1,0
"5dee72917309b950e5262f3a",0,1,0,1,0,0,0,1,0
"58a2788898124900015923bf",1,0,0,1,0,0,1,0,0
"5ac5207ee1546900019c0279",1,0,0,1,0,0,0,1,1
"60bd88b8fc436774352f53b9",1,0,0,0,0,1,0,0,1
"5ea3310bf9c4f828f0c909c5",1,0,1,0,0,0,0,0,1
"5ee256134d95f435aa78964e",1,0,0,1,1,0,0,1,1
"5f565c9592080106c6b4d467",1,0,1,0,0,0,0,1,0
"5f969b802a498b000aab2571",1,0,0,1,0,0,1,1,0
"5c4af67cdccaa800016b3192",0,1,0,1,0,0,0,1,0
"603e370c5ed1c2db2c3bde24",0,1,0,1,0,0,0,0,0
"6112cec057db665aefdd7a85",1,0,0,1,0,0,0,0,1
"5c80c02f8740a300165833bc",1,0,1,0,0,0,0,0,0
"606df53de4b0550a5f42fefe",0,1,0,0,1,1,0,0,0
"5cf3115e978d46001924e679",1,0,1,0,0,0,0,0,0
"688310",1,0,0,1,1,0,1,0,0
"340500",0,1,0,0,0,1,0,1,1
"340465",1,0,0,1,0,0,0,1,1
"635392",1,0,1,0,0,0,0,1,0
"233362",1,0,0,0,0,1,0,1,0
"610c42860e3a1a52be2b77da",1,0,1,0,0,0,0,0,0
"5f8f46ff0b55a11953d90aa5",0,1,0,1,0,0,1,1,1
"601387b4aa37e127b0544497",1,0,1,0,0,0,0,0,0
"5dd40277e08a363e4e006384",1,0,0,1,0,0,1,0,0
"470998",0,1,0,1,0,0,0,0,1
"6107ae1b4c627841741dd5e8",0,0,0,1,0,0,0,1,0
"525028",0,1,0,1,0,0,0,1,1
"438599",1,0,0,0,0,1,0,1,1
"973148",1,0,1,0,0,0,1,0,0
"899499",0,1,0,0,0,1,1,1,1
"959537",1,0,0,1,0,0,1,0,1
"805102",1,0,0,1,0,0,1,1,1
"588623",1,0,0,1,0,0,1,0,0
"164591",0,1,0,0,0,1,0,1,1
"250672",0,0,0,1,0,0,0,1,0
"488250",1,0,0,1,0,0,0,1,0
"111226",1,0,0,1,0,0,1,1,1
"993453",0,1,0,0,0,1,0,1,0
"5a349be43e523d000194399e",0,1,1,0,0,0,0,0,1
"61623ea92118b60ca97113c7",0,1,0,1,1,0,0,0,1
"614a74f72a6ff823cff820c2",1,0,0,1,0,0,1,1,0
"743067",0,1,0,1,0,0,0,1,0
"140023",1,0,1,0,0,0,0,1,0
"247621",0,1,1,0,0,0,0,1,0
"564166",0,1,1,0,0,0,0,1,0
"577540",0,1,1,0,0,0,0,0,0
"105905",0,1,1,0,0,0,1,1,0
"602533",0,1,0,1,0,0,1,0,0
"352473",0,1,0,1,0,0,1,1,1
"849164",1,0,0,1,0,0,1,1,1
"755682",0,1,1,0,0,0,0,0,0
"673911",1,0,0,1,0,0,0,0,0
"597658",0,1,0,0,0,1,0,1,1
"400285",1,0,0,1,0,0,0,1,1
"969992",0,1,0,0,0,1,0,1,0
"932389",1,0,0,1,0,0,1,0,0
"709832",1,0,0,0,0,1,1,1,1
"112193",0,1,0,1,0,0,1,0,0
"131788",1,0,1,0,0,0,1,0,0
"363198",0,1,0,1,0,0,0,0,0
"123011",1,0,0,1,0,0,0,1,1
"691142",1,0,0,0,0,1,0,0,0
"638390",1,0,0,1,0,0,1,1,0
"707293",0,1,1,0,0,0,0,1,1
"139835",0,1,0,1,0,0,1,1,1
"628608",0,1,1,0,0,0,0,1,1
"889469",0,1,1,0,0,0,0,0,0
"192670",1,0,1,0,0,0,0,0,0
"326424",1,0,0,1,0,0,0,1,0
"584349",0,1,1,0,0,0,0,0,0
"325548",0,1,0,1,0,0,0,1,0
"557046",0,1,0,1,0,0,1,1,1
"411951",0,1,0,1,0,0,0,1,1
"298154",0,1,1,1,0,0,0,1,1
"825119",0,1,1,1,0,0,0,1,1
"504234",0,1,1,1,0,0,0,1,1
"100538",0,1,1,1,0,0,0,1,1
"978584",0,1,1,1,0,0,0,1,1
"5e84765c7206730182a6f738",1,0,0,1,0,0,1,1,0
"406404",0,1,0,1,0,0,0,1,1
"147763",1,0,0,1,0,0,1,0,0
"578273",1,0,0,1,0,0,1,0,1
"149976",1,0,0,1,0,0,0,1,1
"561307",1,0,0,1,0,0,1,1,0
"330316",1,0,0,1,0,0,1,0,0
"417360",1,0,1,0,0,0,0,0,0
"252479",0,1,0,1,0,0,0,1,0
"276221",1,0,0,1,0,0,0,0,0
"230769",1,0,0,0,1,0,1,1,0
"801296",0,1,0,1,0,0,1,1,1
"372771",0,1,1,0,0,0,1,1,1
"5bb31a1018b6bb0001bbb0da",1,0,1,0,0,0,1,0,0
"516706",0,1,0,0,0,1,0,0,1
"963386",0,1,1,0,0,0,0,1,0
"136228",1,0,0,1,0,0,0,1,0
"887037",1,0,0,1,0,0,0,1,0
"218571",0,1,1,0,0,0,0,1,0
"457573",1,0,0,1,0,0,0,1,0
"188466",0,1,0,1,0,0,0,1,0
"645222",0,1,1,0,0,0,0,1,0
"704314",0,1,0,1,0,0,0,1,0
"231713",0,1,1,0,0,0,0,1,0
"137679",0,1,1,0,0,0,1,0,0
"921312",0,1,0,1,0,0,1,0,0
"860771",0,1,1,0,0,0,0,1,1
"266463",0,1,1,0,0,0,0,1,0
"927999",1,0,0,1,0,0,1,0,0
"950668",0,1,0,1,0,0,1,1,0
"992505",0,1,0,1,0,0,1,1,0
"347095",0,1,0,0,1,0,0,1,1
"390492",0,1,1,0,0,0,0,1,1
"184101",1,0,1,0,0,0,0,1,1
"768890",0,1,0,0,0,1,0,1,1
"630571",1,0,0,1,0,0,0,1,1
"544204",1,0,0,1,0,0,0,1,1
"618827",1,0,0,0,0,1,0,1,0
"277428",1,0,0,1,0,0,1,1,1
"342703",1,0,1,0,0,0,0,0,0
"579251",1,0,0,1,0,0,1,0,0
"435674",1,0,0,0,0,1,1,1,1
"802434",0,1,0,1,1,0,0,0,0
"445018",1,0,0,1,0,0,1,1,1
"748452",1,0,0,1,0,0,0,1,0
"981199",0,1,0,1,0,0,1,1,0
"922333",1,0,0,1,0,0,1,1,0
"253977",0,1,0,1,0,0,1,1,0
"594641",0,1,0,1,0,0,1,0,0
"5f50732850c7c600098593df",0,1,1,0,1,0,0,0,1
"5bd64b67865c0400011f66d8",0,1,1,0,0,0,1,0,0
"5e26b6765952178df2048d52",1,0,0,1,1,0,0,0,0
"956112",0,1,1,0,0,0,1,0,0
"5bd7b3946d82850001259e1e",1,0,1,0,0,0,0,1,0
"506130",0,1,1,0,0,0,1,0,0
"268168",1,0,0,1,0,0,1,0,0
"444199",1,0,1,0,0,0,1,0,0
"689687",1,0,0,0,0,1,1,1,0
"106889",1,0,0,0,1,0,1,1,1
"396225",1,0,0,1,0,0,1,0,0
"782270",1,0,1,0,0,0,1,0,0
"359105",1,0,1,0,0,0,1,0,0
"236753",0,1,0,0,0,1,0,1,1
"848959",0,1,0,1,0,0,0,1,0
"269556",0,1,0,0,0,1,0,1,0
"298191",0,1,0,0,0,1,1,0,0
"947682",0,1,0,1,1,0,1,0,0
"621751",1,0,0,0,1,0,1,0,0
"740014",1,0,0,0,0,1,1,1,1
"971823",1,0,0,1,0,0,1,0,1
"356145",1,0,1,0,0,0,1,0,0
"964734",1,0,0,0,1,0,1,1,0
"60fd6e6d7b35102b8ca961a5",1,0,0,1,0,0,0,0,1
"6102c2bafd71006cf4fcbd67",1,0,0,1,1,0,0,1,0
"5c51d7f198b0ff000110dba8",0,1,0,1,0,0,1,0,0
"610a06e4613ff666139fd6d9",0,1,0,0,0,1,0,0,1
"60fcbc618cbdbb9771e49ec7",1,0,1,0,0,0,0,0,0
"6150f63728c7b27243666e51",1,0,0,0,1,0,0,0,1
"841161",0,1,0,1,0,0,0,1,0
"257798",1,0,1,0,0,0,1,1,1
"727858",1,0,0,1,0,0,0,0,0
"643145",1,0,0,1,0,0,0,1,0
"224010",0,1,0,1,0,1,0,1,0
"659355",0,1,0,1,1,0,0,1,0
"236835",0,1,1,0,0,0,1,0,0
"461932",1,0,0,0,1,0,0,0,0
"568805",1,0,0,1,0,0,1,0,0
"169377",1,0,0,1,0,0,0,0,0
"897111",1,0,0,1,0,0,1,1,1
"6108678bdc10bef3ef27f7f0",1,0,0,0,0,1,0,1,1
"175506",0,1,0,1,0,1,0,1,1
"6074391ef6527366aa827f42",1,0,0,0,0,1,0,0,1
"838555",0,1,1,0,0,0,0,1,1
"185804",1,0,0,1,0,0,1,0,0
"834383",0,1,0,1,0,1,1,1,1
"571263",1,0,1,0,0,0,0,0,0
"688958",1,0,0,1,0,0,0,0,0
"613596",0,1,0,1,0,1,0,1,1
"277346",1,0,0,0,1,0,1,0,0
"382945",0,1,0,1,0,0,0,1,1
"595400",1,0,0,1,0,0,1,1,1
"800526",1,0,0,1,1,0,1,1,0
"470110",1,0,0,1,0,0,1,0,0
"848955",1,0,1,0,0,0,0,1,1
"882635",1,0,0,1,0,0,1,1,0
"5f3eeb74bfbc021a779796d2",1,0,0,1,0,0,0,1,1
"6116dad2dfcb43bd1914c76e",1,0,0,1,0,0,1,0,1
"113143",0,1,0,1,0,0,1,0,0
"673437",0,1,1,0,0,0,0,1,1
"380663",0,1,0,1,0,0,0,1,1
"6145ee0ddc25b1e71a12fd62",1,0,0,1,0,0,1,0,0
"127600",1,0,1,0,0,0,0,0,0
"532406",1,0,0,0,1,0,1,0,0
"943451",0,1,0,1,0,0,1,1,1
"766269",1,0,0,1,0,0,1,0,0
"669117",1,0,1,0,0,0,0,0,0
"149790",0,1,0,0,0,0,1,1,1
"388283",0,1,0,1,1,0,0,1,0
"199600",0,1,0,1,0,0,1,1,0
"724454",0,1,0,1,0,0,1,0,1
"5ee584e4acfd341ac542b0c9",1,0,0,1,0,0,1,0,0
"277622",1,0,1,0,0,0,1,0,0
"983385",1,0,0,0,1,0,1,0,0
"870007",0,1,0,1,0,0,1,1,0
"795940",0,1,0,1,0,0,1,1,1
"734121",0,1,0,1,0,0,1,0,0
"362020",0,1,0,1,0,0,0,1,1
"637263",1,0,0,1,0,0,1,0,0
"836501",1,0,0,1,0,0,1,1,0
"815132",1,0,1,0,0,0,1,0,0
"758649",1,0,0,1,0,0,1,1,1
"899095",0,1,0,1,0,0,0,1,0
"945955",0,1,0,0,0,1,0,0,1
"177205",0,1,0,1,0,0,0,0,1
"453294",1,0,0,0,1,0,0,0,0
"339627",0,1,0,0,1,0,1,1,0
"109569",1,0,0,1,0,0,1,0,0
"127646",1,0,0,1,0,0,0,1,1
"116658",0,1,0,1,0,0,1,1,1
"990755",1,0,1,0,0,0,1,1,0
"797690",1,0,0,1,0,0,1,1,1
"632217",1,0,1,0,0,0,0,0,0
"5ec59870db44d65d215887fb",0,1,0,1,0,0,1,1,1
"981090",1,0,0,1,0,0,1,1,1
"215288",1,0,1,0,0,0,0,0,1
"814257",1,0,0,1,0,0,1,0,0
"946329",0,1,0,1,0,0,1,1,1
"741731",1,0,1,0,0,0,1,1,0
"180981",1,0,0,1,0,0,1,0,0
"620656",0,1,1,0,0,0,0,1,1
"313765",1,0,0,1,0,0,1,1,0
"188507",0,1,1,0,0,0,1,0,0
"206014",1,0,1,0,0,0,0,0,0
"775098",1,0,0,1,0,0,1,0,0
"836051",1,0,0,1,0,0,1,0,0
"594939",0,1,0,0,0,1,1,0,0
"645325",0,1,1,0,0,0,0,0,0
"795365",0,1,0,1,0,0,0,1,1
"317427",1,0,0,1,0,0,1,0,0
"363061",0,1,0,1,0,0,1,0,0
"690302",1,0,1,0,0,0,0,0,0
"605672",1,0,0,1,0,0,0,1,0
"435885",1,0,1,0,0,0,0,1,1
"528362",1,0,0,1,0,0,0,1,1
"283495",0,1,1,0,0,0,0,1,0
"488904",0,1,0,1,0,0,0,1,0
"914575",1,0,1,0,0,0,0,1,1
"136877",0,1,0,1,0,0,0,1,1
"575354",0,1,1,0,0,0,0,1,0
"128098",0,1,0,1,0,0,0,1,1
"451798",1,0,0,1,0,0,1,1,0
"944384",1,0,0,1,0,0,0,0,0
"185751",0,1,1,0,0,0,0,1,0
"601207",1,0,1,0,0,0,0,1,0
"953177",0,1,0,1,0,0,0,0,1
"341244",0,1,1,0,0,0,0,1,0
"830018",0,1,0,1,0,0,0,1,1
"143700",0,1,1,0,0,0,0,1,1
"363041",0,1,1,0,0,0,0,1,0
"417104",1,0,1,0,0,0,0,1,1
"974922",0,1,0,0,1,0,0,1,1
"374090",0,1,1,0,0,0,0,1,1
"285172",0,1,1,0,0,0,0,1,1
"404466",0,1,1,0,0,0,0,1,1
"985228",0,1,1,0,0,0,0,1,1
"914010",0,1,1,0,0,0,0,1,1
"952112",1,0,1,0,0,0,0,0,0
"547386",0,1,1,0,0,0,0,0,1
"198393",0,1,0,1,0,0,0,1,1
"326207",0,1,1,0,0,0,0,1,1
"214121",0,1,0,1,0,0,1,1,1
"741067",0,1,0,1,0,0,1,1,1
"973660",1,0,1,0,0,0,0,1,0
"102051",0,1,0,1,0,0,0,1,1
"428854",1,0,0,1,0,0,0,1,1
"604903",0,1,1,0,0,0,0,0,0
"149118",0,1,0,1,0,0,0,1,0
"221517",1,0,1,0,0,0,0,1,0
"694818",0,1,1,0,0,0,0,1,1
"871146",0,1,0,1,0,0,1,1,1
"113092",0,1,0,1,0,0,1,1,1
"796585",0,1,0,1,0,0,0,1,1
"491993",0,1,1,0,0,0,0,1,1
"213347",0,1,1,0,0,0,0,0,1
"496826",0,1,0,1,0,0,0,0,1
"597616",1,0,0,1,0,0,0,1,1
"430619",1,0,1,0,0,0,1,0,0
"304224",0,1,0,1,0,0,0,1,0
"60f3c1b003bbf8263f002824",1,0,0,1,0,0,1,0,0
"902803",0,1,1,0,0,0,0,1,0
"172257",0,1,1,0,0,0,0,1,1
"860635",0,1,0,1,0,0,0,1,1
"457311",0,1,0,1,0,0,0,0,1
"476766",0,1,0,1,0,0,0,1,1
"290750",1,0,0,1,0,0,0,1,1
"181275",0,1,0,1,0,0,0,0,1
"984289",1,0,0,1,0,0,0,0,1
"967957",0,1,1,0,0,0,0,1,1
"458249",0,1,0,1,0,0,0,0,1
"110843",0,1,1,0,0,0,0,1,1
"338206",0,1,1,0,0,0,0,1,1
"433000",0,1,0,1,0,0,0,1,1
"579087",0,1,0,1,0,0,0,1,1
"400736",0,1,1,0,0,0,0,1,1
"526717",0,1,1,0,0,0,0,1,1
"299658",0,1,0,1,0,0,0,0,1
"503067",0,1,0,1,0,0,0,0,1
"942134",0,1,0,1,0,0,0,1,1
"499262",0,1,0,1,0,0,0,1,1
"330208",0,1,0,1,0,0,0,1,1
"617070",0,1,0,1,0,0,0,1,1
"856523",0,1,0,1,0,0,0,1,1
"548490",0,1,0,1,0,0,0,1,1
"799258",0,1,0,1,0,0,0,1,1
"216004",0,1,0,1,0,0,0,1,1
"930964",0,1,0,1,0,0,0,1,1
"463447",0,1,0,1,0,0,0,0,1
"745844",0,1,0,1,0,0,0,0,1
"855983",0,1,1,0,0,0,0,0,1
"485837",0,1,0,1,0,0,0,1,1
"284127",0,1,0,1,0,0,0,1,1
"567957",0,1,0,1,0,0,0,1,1
"275737",0,1,1,0,0,0,0,1,1
"736084",0,1,1,0,0,0,0,1,0
"367469",1,0,0,1,0,0,0,0,0
"713714",0,1,0,1,0,0,0,1,1
"254118",0,1,0,1,0,0,0,1,1
"741848",0,1,0,1,0,0,0,1,1
"309380",0,1,0,1,0,0,0,0,1
"346246",1,0,1,0,0,0,0,0,0
"505393",0,1,0,1,0,0,0,1,1
"287627",0,1,0,1,0,0,0,0,1
"835558",0,1,0,1,0,0,0,0,0
"824003",1,0,0,1,0,0,0,0,1
"514854",0,1,1,1,0,0,0,1,1
"983645",1,0,1,0,1,0,0,1,1
"972362",0,1,1,0,0,0,0,1,1
"703793",1,0,1,0,0,0,0,1,1
"891693",0,1,0,1,0,0,0,1,1
"689697",0,1,1,0,0,0,0,1,1
"411092",0,1,0,1,0,0,0,1,1
"302621",0,1,0,1,0,0,0,1,1
"351990",1,0,0,1,0,0,0,1,1
"298592",0,1,0,1,0,0,0,1,1
"143404",0,1,0,1,0,0,0,1,1
"762648",0,1,0,1,0,0,0,1,1
"423175",0,1,0,1,0,0,0,1,1
"842616",0,1,0,1,0,0,0,1,1
"147642",0,1,0,1,0,0,0,1,1
"914767",0,1,0,1,0,0,0,1,1
"325318",0,1,0,1,0,0,0,1,1
"745439",0,1,0,1,0,0,0,1,1
"876280",0,1,0,1,0,0,0,1,1
"501929",0,1,0,1,0,0,1,1,1
"5f3716c55fa34618ff41e045",0,1,1,0,0,0,0,0,0
"229585",0,1,1,0,0,0,0,1,1
"158037",0,1,1,0,0,0,0,1,1
"567106",0,1,1,0,0,0,0,0,0
"633062",1,0,0,1,0,0,0,1,1
"879080",0,1,0,1,0,0,0,1,1
"322850",0,1,1,0,0,0,0,1,0
"454118",1,0,1,0,0,0,0,1,1
"346267",0,1,0,1,0,0,0,1,1
"365218",0,1,0,0,1,0,0,1,1
"270386",1,0,1,0,0,0,0,1,1
"501757",0,1,0,1,0,0,1,1,1
"415175",0,1,0,1,1,0,0,1,1
"384625",1,0,0,1,0,0,0,1,0
"892526",1,0,0,1,0,0,0,1,1
"103629",0,1,0,1,0,0,0,0,0
"310881",1,0,1,0,0,0,0,1,0
"948782",1,0,1,0,0,0,0,0,0
"136210",1,0,0,0,1,0,0,0,0
"881565",1,0,0,0,0,1,0,0,1
"216141",1,0,0,1,0,0,0,0,0
"60fcccec15cfa607b8e4c36f",1,0,0,0,1,0,0,0,1
"179966",0,1,1,0,0,0,1,0,0
"776484",1,0,0,0,0,0,0,0,0
"391205",0,1,0,1,0,0,0,1,1
"983258",0,1,0,1,0,0,0,0,0
"222305",0,1,0,1,0,0,0,1,1
"616767",0,1,0,1,0,0,0,1,1
"538781",1,0,1,0,0,0,0,0,1
"433717",0,1,0,1,0,0,0,1,1
"685414",0,1,0,0,1,0,0,1,0
"824391",0,1,0,1,0,0,0,1,1
"435369",1,0,0,1,0,0,0,0,0
"446529",1,0,1,0,0,0,0,1,1
"846427",0,1,0,1,0,0,0,1,1
"626683",0,1,0,1,0,0,0,1,1
"392145",0,1,0,1,0,0,0,1,0
"918115",1,0,0,1,0,0,0,1,1
"436900",0,1,0,1,0,0,1,1,1
"155022",0,1,0,1,0,0,1,1,1
"475845",0,1,0,1,0,0,1,1,1
"367646",0,1,0,1,0,0,0,1,1
"373182",0,1,1,0,0,0,0,1,0
"812991",0,1,0,1,0,0,0,1,1
"187762",1,0,0,1,0,0,0,0,1
"990017",0,1,0,1,0,0,0,1,1
"295254",0,1,1,0,0,0,0,1,1
"366607",0,1,0,1,0,0,0,1,1
"224655",0,1,0,1,0,0,0,1,1
"128428",0,1,0,1,0,0,0,1,1
"109113",0,1,0,1,0,0,0,1,1
"397931",0,1,0,1,0,0,0,1,1
"518261",0,1,0,1,0,0,0,0,1
"189074",0,1,0,1,0,0,0,0,1
"582776",0,1,1,0,0,0,1,0,0
"740978",0,1,0,1,0,0,0,1,1
"811425",0,1,0,1,0,0,0,1,1
"253272",0,1,0,1,0,0,0,1,1
"366042",1,0,0,1,0,0,0,1,1
"218327",0,1,1,0,0,0,0,1,1
"708126",1,0,0,1,0,0,0,0,0
"650551",0,0,1,1,0,0,0,0,1
"435566",1,0,0,1,0,0,0,0,0
"853250",1,0,0,1,0,0,0,1,1
"817521",0,1,0,1,0,0,1,1,1
"328507",0,1,0,1,0,0,0,1,1
"188363",1,0,1,0,1,0,1,0,0
"553708",1,0,0,1,1,0,0,0,0
"642863",1,0,1,0,0,0,1,1,0
"123396",1,0,0,1,0,0,1,0,0
"527268",0,1,0,1,0,0,1,0,0
"891595",0,1,0,1,0,0,0,1,1
"244829",0,1,1,0,0,0,0,1,1
"276263",0,1,1,0,0,0,0,1,1
"292508",0,1,0,1,0,0,1,1,1
"236198",0,1,0,1,0,0,0,1,1
"747550",1,0,0,0,0,0,0,1,1
"241770",1,0,0,1,0,0,1,1,1
"462185",0,1,0,0,0,1,0,1,0
"311682",0,1,1,0,0,0,0,1,0
"955435",1,0,0,1,0,0,1,1,0
"306158",0,1,0,0,0,1,1,1,0
"904097",0,1,0,1,0,0,0,1,1
"893744",0,1,1,0,0,0,0,1,1
"714008",1,0,0,0,0,1,0,0,1
"870820",0,1,0,0,0,1,0,1,1
"60ff632a01371d68a406f893",1,0,0,0,1,0,0,0,0
"5c720c7278263500015665f9",0,1,0,0,1,0,0,1,0
"614e0000692b265cf52c1c45",1,0,0,1,0,0,1,0,1
"5f91087b3423d9228eb9cff2",0,1,0,1,0,0,0,1,1
"610c255527970227a005623e",0,1,0,1,0,0,0,1,0
"614e97a316c6802b7a406f58",0,1,0,1,0,0,0,0,1
"5d1f71def861790016fafb83",1,0,0,1,1,0,1,0,0
"61513cd2115aa37180a00874",1,0,0,1,1,0,0,0,0
"6024582c5ac33a134e9569b7",0,1,0,1,0,0,1,1,1
"6133e9702ea60a5cbe239bbf",1,0,0,1,1,0,1,1,1
"6133e9702ea60a5cbe239bbf",1,0,0,1,1,0,1,1,1
"60feddccb0434a2577a930ca",1,0,0,1,0,0,1,1,1
"5c263f32867f660001ae1e29",0,1,0,1,0,0,1,0,0
"60566620bb888e88b6c157ee",0,1,0,1,0,0,0,1,1
"613aad30bcfed65155a026ec",1,0,1,0,0,0,0,0,0
"608c451be10e84b9fc005f3e",1,0,1,0,0,0,1,1,1
"60fd786a5f880122aa23530c",1,0,0,1,0,0,0,1,1
"60fcd954f5ff1656599b53c9",0,1,1,0,0,0,0,0,0
"6075ff702ca9dd94767cca11",0,1,0,1,0,0,1,0,0
"60fce92dca6767a872af5a46",1,0,0,1,1,0,0,1,1
"5f3ea301ce0b340fbb67f607",1,0,0,0,0,1,0,0,0
"605504fc7a5a699c16ae8b4d",1,0,0,0,1,0,0,1,0
"61003bb158741c6a1d79903b",1,0,0,0,0,1,1,0,1
"614486d849d8b533b6414e03",1,0,0,0,1,0,0,1,1
"5dd597c897405455982d1b0c",1,0,0,0,0,1,1,1,1
"6110a2a404efd7b3306d7917",1,0,0,1,0,0,0,1,1
"61157d9bcc5084cae1e75a86",1,0,0,1,0,0,0,0,0
"614e088cf42a096eee875324",0,1,0,1,0,0,0,0,0
"611145d764f3f83ee48ae655",1,0,0,1,0,0,0,1,1
"60e9f395bc40a07aab8fff85",1,0,1,0,0,0,0,1,1
"5b0a38d230d5620001551e0d",0,1,0,1,0,0,0,0,0
"5e46f51bc3298c1bf813a984",0,1,0,0,0,1,0,1,0
"6107984683c0e2f57635730a",1,0,0,1,0,0,1,1,1
"61083a51efde7d0908399b73",1,0,0,1,0,0,0,0,0
"6100ad6e0fd6353bf91360a0",1,0,0,1,0,0,0,0,1
"60b3374b5d2a328fabc51d8d",1,0,0,1,0,0,0,1,0
"616c4f1eacaf6dcc36160230",0,1,0,1,1,0,1,1,0
"6091ebb375f9f6e9e1acaef8",0,1,0,0,1,0,0,0,0
"55871e2efdf99b28762c4604",1,0,0,1,0,0,1,0,0
"607335a810ca68636e4172b7",1,0,0,1,0,0,1,1,0
"60fdf7fa6bebd218b540b497",1,0,0,0,0,1,0,0,1
"5f48655c66186320c2077614",0,1,0,0,1,0,0,0,0
"606242895ac48408dcdf01ea",1,0,0,0,0,1,0,0,0
"61326b9c9231e5c9889e030d",1,0,1,0,0,0,0,0,0
"721756",1,0,0,1,0,0,1,1,0
"550621",0,1,0,1,0,0,0,1,1
"244644",0,1,0,0,0,0,1,1,1
"357655",0,1,0,1,0,0,1,0,0
"315059",1,0,0,0,1,0,0,1,0
"876137",1,0,0,1,0,0,1,1,0
"373338",1,0,0,1,0,0,1,1,0
"148389",1,0,0,1,0,0,0,0,0
"720684",0,1,1,0,0,0,1,0,0
"337970",1,0,0,1,0,0,1,1,1
"236525",1,0,1,0,0,0,1,0,0
"929052",0,0,0,1,0,0,0,1,0
"701278",0,1,0,1,0,0,1,0,1
"407174",1,0,0,1,0,0,1,1,1
"204356",1,0,0,1,0,0,0,0,0
"469943",0,1,0,1,0,0,0,1,1
"6115eb0e721a830735679690",1,0,0,0,0,1,0,0,1
"6171d8d0854fad3442e253a3",1,0,0,1,0,0,1,1,0
"5f50732850c7c600098593df",0,1,1,0,1,0,0,0,1
"381210",1,0,0,1,0,0,0,1,1
"244734",0,1,1,0,0,0,1,1,0
"6109c801220a24f81262542e",0,1,1,0,0,0,0,1,0
"623896",1,0,0,1,0,0,0,1,1
"780259",0,1,0,1,1,0,0,1,1
"197252",0,1,1,0,0,0,0,1,1
"213077",1,0,1,0,0,0,0,1,1
"761978",0,1,0,1,0,0,0,1,1
"258397",0,1,1,0,0,0,0,1,1
"737445",0,1,0,1,0,0,0,1,1
"452893",0,1,0,1,0,0,0,1,1
"257557",0,1,0,0,1,0,0,1,1
"814458",0,1,0,0,0,0,0,1,1
"958311",0,1,0,0,0,0,0,1,0
"601200",0,1,0,1,0,0,0,1,1
"880632",0,1,1,0,0,0,0,1,1
"280906",0,1,1,0,0,0,0,1,1
"478077",0,1,0,1,0,0,0,1,1
"116642",1,0,0,1,0,0,0,1,1
"532441",1,0,1,0,0,0,0,1,1
"853673",1,0,0,1,0,0,0,1,1
"388109",1,0,0,0,0,1,0,1,1
"922305",0,1,0,0,0,1,0,1,1
"132818",0,1,1,0,0,0,0,1,1
"720964",0,1,0,0,0,1,0,1,1
"588427",0,1,0,0,0,0,0,1,1
"693175",0,1,0,0,0,1,0,1,1
"570985",0,1,0,0,1,0,1,1,1
"418234",1,0,1,0,0,0,0,1,1
"373824",1,0,0,0,0,0,0,1,1
"377058",1,0,0,0,0,1,0,1,1
"998767",1,0,0,1,0,0,0,1,1
"546569",0,1,0,1,0,0,0,1,1
"170874",0,1,0,1,0,0,0,1,1
"613125",0,1,1,0,0,0,0,1,1
"689480",0,1,1,0,0,0,0,1,1
"487322",0,1,0,1,0,0,0,1,1
"750426",0,1,0,0,0,1,0,1,1
"342975",1,0,0,0,0,0,0,1,1
"142257",1,0,0,0,0,1,1,1,1
"755925",0,1,0,1,0,0,0,1,1
"292442",0,1,0,1,0,0,0,1,1
"818382",0,1,1,0,0,0,0,1,1
"581182",0,1,0,0,0,1,0,1,1
"850841",0,1,1,0,0,0,0,1,1
"422841",0,1,0,1,0,0,0,1,1
"675920",0,1,1,0,0,0,0,1,1
"670609",0,1,0,1,0,0,0,1,1
"548709",1,0,1,0,0,0,0,1,1
"758339",1,0,0,1,0,0,0,1,1
